k,cases,minade_m,minfde_m,mr
1,38401,0.31735501549572426,0.9550683191737074,0.22874404312387697
2,38401,0.24851316194166936,0.7034807556571291,0.12135100648420614
3,38401,0.21887711653654837,0.5941795849152237,0.07421681727038358
4,38401,0.205100342924699,0.5434960821990138,0.05346214942319211
5,38401,0.1974327283076658,0.5147836921120438,0.04106663888961225
6,38401,0.19284707124776626,0.4978072992726442,0.032993932449675786
7,38401,0.19014110251547556,0.48782136902371803,0.02869716934454832
8,38401,0.188008631511792,0.4798960028194561,0.02523371787193042
9,38401,0.18659285724951555,0.47462226803909785,0.02281190593994948
10,38401,0.18553133178272893,0.4706644786488857,0.021119241686414415
11,38401,0.18462980689418765,0.4672944726068487,0.019999479180229682
12,38401,0.18344920954781335,0.46293136877618246,0.01869742975443348
13,38401,0.18212011283462096,0.4580449393618458,0.017968282075987604
14,38401,0.18031453886656634,0.4513177784992467,0.017447462305669122
15,38401,0.17800991972734,0.4429320325440365,0.017134970443478035
16,38401,0.17535956942224276,0.4332725796256288,0.016770396604255097
17,38401,0.1725893344997208,0.4231995211785692,0.01632769979948439
18,38401,0.1700364208966319,0.41335626275308873,0.01593708497174553
19,38401,0.16744255847884157,0.40405336394663516,0.015416265201427045
20,38401,0.165139869486431,0.395321449885216,0.014973568396656338
21,38401,0.16295231315554817,0.38707873774290064,0.014687117522981172
22,38401,0.16092693952180046,0.37938922435361105,0.014400666649306008
23,38401,0.15894275351247858,0.372103332577607,0.01390588786750345
24,38401,0.15713484921251056,0.3652553827696606,0.013515273039764589
25,38401,0.155433599580508,0.35872129589371227,0.013306945131637197
26,38401,0.15389757131064039,0.3527847113455588,0.013124658212025728
27,38401,0.1523292343897148,0.34723802102375445,0.012864248326866487
28,38401,0.15098037830760605,0.34215992812995366,0.012603838441707248
29,38401,0.14974152912039895,0.3376454825106519,0.01236946954506393
30,38401,0.14867614922095163,0.3338446350169801,0.012004895705840993
31,38401,0.14772900618659912,0.33024200913105245,0.01184864977474545
32,38401,0.14686518455052425,0.32696814963241494,0.011510116924038437
33,38401,0.14619233018012256,0.324291383187003,0.011327830004426968
34,38401,0.14559472915954022,0.322078124760855,0.0111455430848155
35,38401,0.1450911405936265,0.3202033379929056,0.010885133199656259
36,38401,0.1447488766141566,0.31872942881119637,0.01083305122262441
37,38401,0.14448185560363416,0.3177302366063476,0.01083305122262441
38,38401,0.14425558517786094,0.3167282930234053,0.010780969245592563
39,38401,0.14407370276457132,0.3158666486634689,0.010650764303012943
40,38401,0.1439012928721135,0.31530067776240445,0.010624723314497018
41,38401,0.14381057433268885,0.31487732543935626,0.01057264133746517
42,38401,0.14374050742047692,0.3146937588413464,0.010520559360433323
43,38401,0.1436750666519673,0.31446758199242864,0.010468477383401474
44,38401,0.1436318475554683,0.3143060722142091,0.010442436394885549
45,38401,0.14357284074212912,0.31413647270690637,0.010416395406369626
46,38401,0.14355427398142667,0.31406193526473314,0.010416395406369626
47,38401,0.14354826703274556,0.3139858133736813,0.010390354417853702
48,38401,0.14354331461178046,0.31394489803605025,0.010390354417853702
49,38401,0.14352794103709543,0.3139130882628774,0.010364313429337777
50,38401,0.1435133953493668,0.31385153883127664,0.010364313429337777
